{
  "shipped": {
    "params": {
      "k_base": 28.0,
      "tier_alpha": 1.0,
      "scale": 400.0,
      "mov": 0.0,
      "provisional_k": 0.0,
      "provisional_n": 0,
      "decay": 0.0,
      "start": 1500.0
    },
    "report": {
      "auc": 0.6867707323364781,
      "auc_pooled": 0.6886245610422888,
      "logloss": 0.634184208115228,
      "n": 2647
    }
  },
  "tuned": {
    "params": {
      "k_base": 12.301799130126655,
      "tier_alpha": 0.05887859817841012,
      "scale": 569.5651918729027,
      "mov": 3.773985355774969,
      "provisional_k": 28.769416392620634,
      "provisional_n": 23,
      "decay": 0.02010805149481281,
      "start": 1500.0
    },
    "report": {
      "auc": 0.7135193773684883,
      "auc_pooled": 0.7144415657206913,
      "logloss": 0.619700449022799,
      "n": 2647
    }
  }
}