{
  "xgb": {
    "n_estimators": 1427,
    "learning_rate": 0.016232548325064263,
    "max_depth": 6,
    "subsample": 0.682124474557253,
    "colsample_bytree": 0.5368138991879814,
    "reg_alpha": 0.03065090043188355,
    "reg_lambda": 0.05335856822840929,
    "min_child_weight": 10,
    "gamma": 1.9996635231018278
  },
  "lgbm": {
    "n_estimators": 1075,
    "learning_rate": 0.02003119548796897,
    "num_leaves": 20,
    "min_child_samples": 88,
    "feature_fraction": 0.4212968869273831,
    "bagging_fraction": 0.9935087822838318,
    "bagging_freq": 6,
    "lambda_l1": 2.93327003282751,
    "lambda_l2": 0.0001905478049954591
  }
}